X0,X1,X2,euclidicity,persistent_intrinsic_dimension
-0.41754765517155196,0.500998217558373,-0.7071383789323343,0.5408179201185703,1.0416666666666667
-0.6456458705926164,-0.13053524299888258,0.5538685177708502,0.4781571278969447,1.0
-0.5066394835214536,-0.17468477692773843,-0.6608600335034923,0.4818274863064289,1.0
-0.14203360821808697,-0.647919055642186,0.07777739003809622,0.5192158824453751,1.0
0.14551639329309535,-0.042325661225948726,0.6562171086260232,0.4936761446297169,1.0
0.15192661617413236,-0.0918994294785739,-0.6056664304656422,0.5042642634361982,1.0
0.7524663278514967,-0.09931720584208863,0.14660492426001662,0.5017480409393708,1.0
-0.20775477009755455,0.5630345344871109,-0.5679472082249736,0.4664124908546607,1.0
0.5790194292015284,-0.07760239257947663,-0.13606558243169728,0.49743599196275073,1.0
-0.6593099290366456,0.3481534275431513,0.4607255930422383,0.41867690347135067,1.0416666666666667
-0.34128838148953444,-0.41963842866516315,0.5654676065399065,0.5443268201003472,1.0
-0.03190896288535458,0.6911052441349216,0.5340924548030638,0.47173350987335044,1.0
0.043996546240585584,0.12654818238994633,-0.10479548983258488,0.48595817635456723,1.0
-0.0329492285288882,-0.24330619984360805,0.7511432775597915,0.48270598364373046,1.0416666666666667
-0.7466265810475153,0.20854574648643856,-0.09515129606178419,0.4656788284579913,1.0416666666666667
0.06292985143667756,0.3238974453517948,-0.25934393342521006,0.5250537848720948,1.0
0.22588807167718958,0.39648150350526346,-0.061107218156086954,0.4853563817838828,1.0
-0.6589240371863692,-0.3621399133515917,-0.13092417698251652,0.6180211914082369,1.0416666666666667
-0.3870453712632723,0.13779248936804875,-0.8839509328702303,0.4465272439022859,1.0
0.753008331976535,0.47486899022901463,-0.3808493439177539,0.42781751478711766,1.0833333333333333
-0.32987813801193305,0.08662694930795012,-0.31442140490448217,0.5283947816739479,1.0416666666666667
-0.7473799501931319,0.5254700139825429,-0.13135330945484996,0.48315801098942757,1.0
-0.06411256560929947,0.5469118224349973,-0.10666947479145515,0.5108435942480961,1.0
-0.6065382923546407,0.42290385098215905,0.4926881340601896,0.4104696822663148,1.0
0.455527962334285,0.6372359716232376,-0.5712464967354985,0.45936183258891106,1.0
0.83990676029941,-0.003930097024331907,0.4152299711577894,0.6266243768235048,1.0
0.5138085108803443,-0.20998674728851108,0.3339728645292388,0.5621606148779392,1.0
0.15127512173666396,-0.2596475031066097,-0.14243738867356298,0.6055678327878317,1.0
0.42150265572098955,-0.2475720887346439,-0.8444706575202645,0.4874972365796566,1.0416666666666667
-0.21392516398906133,-0.4857257646624507,-0.18119976829068302,0.5493322089314461,1.0
-0.4832072654960916,0.0786290409853815,-0.22077853905185435,0.4778673052787781,1.0416666666666667
-0.8073801856447543,0.37941536094131223,-0.3829289330513998,0.44755528805156547,1.0
-0.5819577499795814,0.5911704682841709,-0.2750423766123187,0.4809514457980792,1.0
0.12429087817205306,-0.07176658720795931,0.9778513660307929,0.5338691789656878,1.0
0.01399133905269013,0.4553854888472401,-0.27132628135183895,0.5063328153143326,1.0
0.1438136653145143,-0.2344628260214076,-0.7980961735997076,0.49727758578956127,1.0
-0.698638696672918,-0.4334260356106964,-0.14211442709421176,0.4888324787219365,1.0
-0.01960789554337999,0.13159330932640334,0.8005229503661875,0.4471741281449795,1.0
0.21450098779392246,-0.26767152977954894,0.04927370942319233,0.5151845092574755,1.0
0.12439311779596017,-0.2394125544565687,0.8519653720433839,0.49091498491664726,1.0
-0.5500838629207807,0.42772627983441536,0.2863029709028258,0.479686642686526,1.0
-0.8370800049859576,-0.3609740090852991,0.3262845887930176,0.46941954518357915,1.0
-0.8425408359018053,-0.5180696102427776,-0.027904613793195823,0.5370384262253841,1.0
-0.19945894262928313,0.5468680446848898,-0.34431346386894823,0.522949538504084,1.0
-0.41993587880159744,0.383685067609929,0.41804691695330115,0.536137563486894,1.0833333333333333
0.15756174237554912,0.3404415454630261,-0.12259109056417838,0.4743441181878249,1.0
0.11590265247965759,-0.26171252081302104,0.8063853519844947,0.47753204094866913,1.0
0.751670052585203,0.46083273972050093,-0.37987594272593017,0.4263648974398772,1.0833333333333333
-0.16876930520835795,0.4077219521133679,0.08099563751935157,0.5201275541136662,1.0
0.06059701908713077,-0.2044278465713281,0.7114791076998096,0.4691034375379483,1.0
-0.10525784033850694,-0.7117916375786829,-0.32079020076026504,0.4722498854001363,1.0
0.4987035438470529,0.3556255855845133,-0.298316934413387,0.5222532910605272,1.0
0.6110667472007469,-0.7307033945508337,0.21668416471301574,0.4483546583602826,1.0
0.5220908376345301,-0.4693389610433573,-0.5998080585534428,0.5478014120211204,1.0
-0.07105587831114978,0.11394708451241357,0.4891835856849508,0.4612814038991928,1.0
0.08644503591233528,0.48250723876070817,0.22778035187739046,0.5851915876070658,1.0
0.14068753006973517,-0.39298303301236537,0.6730449675413293,0.47513579080502194,1.0
0.16149937449609805,0.19804286152648,0.3424004644849568,0.49921136535704136,1.0416666666666667
0.2083296519717182,-0.0458428012111062,0.39762938233529893,0.5514827258884907,1.0
-0.8072740063186571,0.316898323152218,0.23787527298820504,0.4282382329305013,1.0
0.20545072012905152,0.13176698771257112,0.6887113685900241,0.5209971411774555,1.0
0.08120197315818777,-0.17815999759333412,0.17221936115803668,0.46332147158682346,1.0416666666666667
0.44564670112919325,0.20802915181616177,0.16794709908652639,0.5173970156659683,1.0
-0.26110599787027267,-0.09957179950949563,-0.4204674952571141,0.4406705293804407,1.0
-0.09178723509387421,0.5444677314069244,0.3613396639729074,0.49586473777890205,1.0
0.7554087623602456,0.41021322291603074,0.24368631672004504,0.44075238642593223,1.0
0.02839985205134754,0.19934751492408154,0.07119777450160139,0.5034526692082485,1.0
0.4317070515900564,-0.29128679120966494,0.7537416599774416,0.5311049136022726,1.0
0.35965376825002415,-0.5871624786869349,-0.19060911263521044,0.5171572417020798,1.0
-0.5496936628445744,-0.19248353483769357,-0.35197266420695117,0.5498769879341125,1.0416666666666667
-0.27071395927324704,-0.7981339909385569,-0.11977605177143848,0.5814716219902039,1.0
-0.17341663241965202,0.2657222487202855,-0.540639237394221,0.5265068703641494,1.0
-0.12383142296133631,0.585318316205603,-0.619312932194779,0.546799972653389,1.0
0.1520086275010858,0.673498963840565,-0.5985100605758978,0.4252899227042993,1.125
-0.29457937422356534,0.8686376586646447,0.21610872287598315,0.4503745300074418,1.0
0.5256366041681175,0.28198511932446063,-0.5781747459077509,0.5228596894691387,1.0
-0.5968228323726451,0.3784633257854291,0.39769766393378003,0.4452063435067733,1.0
0.4769201484778341,-0.41133669438604764,-0.33017877775055704,0.4792738575488329,1.0
-0.07136441509330414,0.0714074622598174,-0.6390237927291816,0.508809999252359,1.0
0.45397454678091215,0.10267520956366588,0.26305251947835046,0.4569478662063678,1.0
-0.5705229558739655,0.7063141673157755,-0.06609170123020157,0.4818068152914445,1.0
0.1566736919332492,0.480746643093353,-0.4388731866521456,0.5017310790717602,1.0
-0.303781427489373,0.18643049356657757,-0.02882374619368169,0.49739406692485016,1.0416666666666667
0.29867015702785416,-0.07992323732921605,0.3736351139474708,0.560819843163093,1.0416666666666667
0.884993594918546,0.32296560266086394,0.02417953109362396,0.4497147835791111,1.0
-0.29035111839108585,0.6710536790717235,-0.21137474474243723,0.4679700918495655,1.0
-0.07598667706815412,0.41690555793595196,-0.438253320352197,0.5180741169800361,1.0833333333333333
-0.37213870337975163,-0.06482801883253216,0.8335192646767001,0.4730146819104751,1.0
0.0043940234920648745,-0.5416149374857216,0.2891493289726005,0.4953971356153488,1.0
0.4676368373817129,-0.3914277440561357,-0.5080287939651602,0.5060758007069429,1.0
-0.07799542061384754,-0.07289552246398544,0.38131956694599173,0.4895674890528123,1.0
0.17123537555021748,0.41209837493581053,-0.8065615908581628,0.42729849678774673,1.0
-0.24738194860915574,-0.29307031802798217,-0.8924037698090528,0.4836681845287482,1.0
-0.5795981412653524,-0.5759861098290145,0.39848525769957827,0.5060102374603351,1.0
-0.862888592698141,0.18239438257626975,0.03545408608327211,0.4572208132594824,1.0
0.44931201080050426,0.8023398367968008,0.13796606525622532,0.5358889990796646,1.0
-0.11924328306749275,-0.00695696070648131,0.5318522432720814,0.514223904038469,1.0
-0.8602177791252995,0.14917063415104906,0.1756066742162146,0.4948285308976968,1.0
0.2693965944611151,0.4116513325015951,0.7554740891392745,0.4577181686957677,1.0
0.025839066533773842,0.22151592046871377,-0.5177934479421751,0.4621259768803914,1.0
0.04179671979391633,-0.07250968800333331,-0.7686908316169693,0.5752373815824589,1.0
-0.1753618625435944,0.9384912122035853,-0.22507075256104042,0.4558833160748084,1.0
0.34055668530513,-0.333043285840057,-0.871350777924133,0.5137027644862732,1.0
-0.5722017683882187,-0.47182801677045816,0.1458024546167041,0.4729079070190589,1.0
-0.38358705717165575,-0.07159375568213436,0.5428310529286063,0.5033647467692693,1.0
0.5748780044064082,-0.12425874412674472,-0.18399575167980117,0.48738824141522247,1.0416666666666667
-0.3764178028285461,0.4428320524145199,-0.15743755077085084,0.4875237047672272,1.0
-0.013037669651060315,-0.4362232893702417,-0.8802712337842428,0.5247069833179315,1.0
-0.06971280734492755,-0.37500063497712705,0.5169034557468176,0.47524230120082694,1.0
-0.7871360405052529,-0.04989174212198248,0.4550789814575763,0.5118291216591994,1.0
0.028475886132286715,0.6143892280230429,-0.221438408547295,0.5207762842377027,1.0
0.08495621480699844,0.29329757296398234,-0.8772849967206316,0.46583559674521285,1.0416666666666667
0.5968958647551001,-0.42064465364566217,0.1588580211308007,0.47158091329038143,1.0833333333333333
-0.26276319135696696,-0.021106180841908045,0.8728833717515745,0.45691160050531227,1.125
0.5365420317997818,-0.3801425524235846,0.22363703117177944,0.4495308908323447,1.0
-0.6491880139994258,0.008130334020551116,-0.6726474082322218,0.42202507456143695,1.0
-0.7602062141883025,0.25538501582933887,0.08837443926389961,0.469282607237498,1.0
0.10434009877561295,0.6594478988314163,-0.2696169105583836,0.48324428002039593,1.0
-0.288997946185222,-0.39025772915465,0.3173608922917425,0.47778760890165967,1.0416666666666667
-0.21214058032321845,0.12204758297727093,-0.32596165062539445,0.5194873753935099,1.0
0.0643268911811642,-0.2162762196326407,0.27701495022276834,0.49085647116104764,1.0
-0.21067445878292043,-0.13130907504636266,0.2762150669231725,0.41698427746693295,1.0
0.04450020825851816,-0.433669022119348,0.7725102727569237,0.46370683548351127,1.0416666666666667
-0.39642268140623466,-0.2114065407549016,-0.33145098763624264,0.47826441812018555,1.0
0.4317195168875133,0.3459764234994939,-0.052469247509529075,0.5435906959076723,1.0416666666666667
0.01965356047519785,-0.48395723616441644,0.44600585167495954,0.574662992109855,1.0
0.1559907945412061,-0.5327303620347715,-0.5852054443610435,0.4507374055683613,1.0
-0.7081997212090078,0.13389072449108896,0.5322761851039611,0.45098205159107846,1.0
0.22836975142456142,-0.35599968948392674,-0.10878091558097727,0.47032794666786987,1.0
-0.15105423937135906,-0.06240445737110204,-0.6010134304269974,0.518908022592465,1.0416666666666667
-0.19219536479336768,0.5402689405283395,-0.29581283276889103,0.5225184510151545,1.0
0.026796405436834734,-0.7182121333895796,0.4635817537832687,0.5308981693039337,1.0416666666666667
-0.08274800842720842,-0.4844175142850447,-0.7357904521998428,0.44901031628251076,1.0
-0.21994214066661927,0.17233323812506005,0.28713673056237116,0.5376719130824009,1.0
0.41862393180451907,0.044098897625742976,-0.6483049780688406,0.4708890250573556,1.0
0.3882954742220437,-0.9098384435303121,0.03130507255117714,0.46089433940748376,1.0
0.12263183041973676,0.9681569686067238,-0.05315770571041722,0.48757157661020756,1.0
0.29095254865131664,-0.025055941012700908,0.9375166727051328,0.48582064298292,1.0
-0.677382910791858,0.18858883084816452,0.15459369689040353,0.48950032517313957,1.0
-0.277501044986858,-0.851456355537425,0.38148636652822476,0.47564350875715417,1.0
-0.11730073318742351,-0.2968750016291197,0.890072872009983,0.5150042523940405,1.0
0.25854975721356943,-0.6095507898280621,0.2995800569401514,0.47553451855977374,1.0
-0.4370185735963992,0.16005665925470505,-0.16630981322419017,0.4485123213380575,1.0
-0.0784034752398269,0.6377440544497871,0.690770916245928,0.47404169974227744,1.0
-0.43657375565539347,-0.6271287607012952,0.5271851625919737,0.41278276157875854,1.0
0.04586529038078601,-0.19793899254042416,-0.37864392818346293,0.483299408107996,1.0
0.24098483635498116,-0.31081937808030163,0.032245960599847405,0.45960076339542866,1.0
-0.48564631244676126,-0.6031775012720397,0.21219470933856144,0.4997769519686699,1.0
0.4190640928856753,0.024740888935713405,-0.1600009970912298,0.5320282274236282,1.0
-0.15074511749792766,0.3087806763211522,0.20753768807072726,0.46379062222937745,1.0
-0.4914260010982798,0.3003311813621226,0.020194310473668674,0.5280239209532738,1.0
-0.08496794551274169,-0.19897769855068634,-0.23403038851802074,0.5434319482495388,1.0416666666666667
0.5327997904523455,-0.08232171077694161,0.05004947224092448,0.4388271061082681,1.0
0.5178562075877754,0.27196372096357346,-0.6656384085810676,0.43721755345662433,1.0
0.11415307948731049,-0.8667957747767312,0.009726384513430487,0.4756891205906868,1.0
0.2467468374291445,-0.060402462266233414,0.262874515428775,0.5417449132849773,1.0
-0.13445215998219348,0.7151461130581586,-0.3758177312116985,0.44675841679175693,1.0
-0.6607250119938007,-0.10048255354618511,0.3311650348421555,0.5043169551839431,1.0
-0.03872095546552209,-0.0350597023091352,-0.09553645298888068,0.4884431504954894,1.0
0.07758856791017461,0.5606382846520155,-0.26143145985116717,0.4656505174934864,1.0
-0.6045028615452339,-0.2657011226130892,0.1119657065872023,0.46029717164735,1.0
-0.5551594254167924,-0.7265465182898085,0.3393461624894724,0.46623424999415874,1.0833333333333333
0.1766771124850284,-0.028657582590038505,0.9058205009541882,0.48928345056871575,1.0
0.43019140626904645,0.3178391822291044,-0.5332569276364181,0.5449956425776085,1.0
0.6385252204179304,-0.2504925050576893,0.562459197838451,0.5234294254332781,1.0
-0.06837041641939177,-0.33701768131058096,0.2119786848836379,0.47019292910893756,1.0
0.7587051485639018,0.34802300061767,-0.29171869046350807,0.46046673816939193,1.0
-0.6520983867817043,0.30334472501414345,-0.4152546283657176,0.43293670378625393,1.0
-0.23332452826765487,0.3251407910048056,0.9118954782862835,0.49623630568385124,1.0
-0.2929227635958121,0.8925578361522256,-0.16256810929158796,0.4752010529239972,1.0
-0.6099309972853539,0.4779027328777176,0.6199907375298778,0.4498558174818754,1.0
0.17101871893441592,-0.4710612976770506,0.773708240899648,0.4514752272516489,1.0
0.09975307769099832,-0.5102319906394038,0.0059737739620958,0.5207997467368841,1.0
0.672247750394394,0.2125058899340065,-0.3206846614951861,0.4711046554148197,1.0
0.6249185849159098,-0.31255798732574663,0.5498216313081795,0.5194894963254532,1.0416666666666667
-0.005585724794994646,-0.42954586220029556,-0.15943207804722603,0.5109691880643368,1.0
0.651438178641455,0.21411404612331603,-0.5348282923825336,0.47071019435922307,1.0
0.42412734101046656,-0.641471810414687,-0.2887310931072814,0.44973870428899926,1.0
0.07783025962793459,-0.8706063403351094,-0.3871677993499475,0.4460813781867425,1.0
0.9051076198051743,0.3121464190317971,-0.15959838350626143,0.503305890907844,1.0
0.3411525635021824,0.05928632862943844,0.8530113212934357,0.41349233003954095,1.0
-0.33866962160820435,0.3847800061484812,-0.23511289877329525,0.4704410471022129,1.0
0.6500542356433779,-0.21333805230622094,0.39527168599445744,0.4782177209854126,1.0416666666666667
0.2895256759798279,-0.14291653788574268,0.39840783829949394,0.5137352341165146,1.0
-0.08768394082993142,0.23565486729364996,-0.5341284199102303,0.4513845344384511,1.0
0.5273915364652529,0.18850320159488498,-0.5592777948946099,0.4911992096652587,1.0
-0.38334071406421,-0.09742242036246147,0.03486995214544317,0.5138781170050303,1.0416666666666667
-0.6390508221426895,-0.15128452654085836,0.2801864067874663,0.4734768619139989,1.0
0.5202105221304119,0.5542224627106155,-0.6019660253959283,0.4530560461183389,1.0
0.8906141449006016,-0.3738085451981185,-0.17153824605066678,0.4817841735978921,1.0
0.3623157441537769,0.01770747823679701,0.14528567566641482,0.5075097804268202,1.0
0.45238519302084107,0.3464447853724859,0.4733710319213023,0.46639610454440117,1.0
-0.4113508028903479,-0.40823902082694796,0.28735722179476414,0.5219670428584019,1.0
0.8153725044369722,0.3339246261719227,-0.3842113649616337,0.4818041572968165,1.0
-0.2814521829494952,-0.2907150955133297,-0.3265103118887716,0.4567627565314372,1.0
-0.7640981238592154,-0.5046240190169821,0.002746690216070718,0.43793523622055847,1.0
-0.37803100357311964,0.36495495551290974,-0.5976786628506465,0.4718508683145046,1.0
0.445804082067289,-0.04853298642481383,0.3752793976299274,0.4615224860608578,1.0416666666666667
0.9376385879011864,0.17224515140111796,-0.0852819217246109,0.47579422779381275,1.0
-0.6996733526230962,0.3514702840435593,0.1525359197056839,0.5379543155431747,1.0
0.9090840631419846,-0.23908829900187115,-0.11915931439662482,0.5103737507015467,1.0
-0.6254543200682751,0.5413252245937882,-0.3883677778823936,0.471725445240736,1.0416666666666667
0.03906791818970615,-0.006850408098638813,-0.29474963112037494,0.4628984909504652,1.0
-0.30325437836139,0.5570705879929992,0.035114775588505426,0.5389649737626314,1.0
0.06289148609673287,0.6585355391133967,0.5419781803194389,0.5116960542897383,1.0
-0.6411392334141476,-0.07469111375255377,0.28672699941195867,0.48562491064270336,1.0416666666666667
-0.031352009546075775,-0.1576161849205465,-0.2136576505173387,0.5204108729958534,1.0416666666666667
0.5328934027177601,-0.39220177144173585,-0.028061200761236155,0.45160895337661106,1.0833333333333333
0.03746105844758949,-0.5456821981346955,0.20884953693388691,0.5344166991611322,1.0
-0.17637087512286742,0.8585110097175379,-0.33670232900002706,0.46142133387426537,1.0
-0.7287653280422552,0.32669284222414546,0.41386758890757736,0.4520614103724559,1.0
-0.22255239743059319,0.7935691898860596,0.3224212813046011,0.4312843134005864,1.0
0.26689822125481716,-0.4764318987487714,0.3316696825016725,0.46529691231747466,1.0
-0.09531087769712011,0.5277450320074696,0.4423425371374294,0.48952747881412506,1.0416666666666667
-0.40483329324785033,-0.2580355220767914,0.5499203402733508,0.5467353935043017,1.0
0.24037598436979543,0.6453039288733252,-0.017450404908522506,0.4942018408328295,1.0833333333333333
0.6475019630208435,0.30295529287105377,-0.4421421776283299,0.48593059927225113,1.0416666666666667
0.6844690772386027,-0.20621967580772324,-0.13497574243156532,0.4606960757325093,1.0
0.46085606654359607,-0.37550826961101946,-0.6675686746325611,0.502269672229886,1.0833333333333333
-0.7268894170957801,0.2551110966934527,-0.12601219280388307,0.4574801102280617,1.0
0.358941531585283,-0.05877111152453868,0.5831667103031393,0.470095166315635,1.0
0.6912536447853531,0.2076922437643514,-0.4791973402705028,0.5109045927723249,1.0833333333333333
-0.8497170468390957,-0.10563000019765226,-0.03509736597803933,0.5321366488933563,1.0
-0.3031418172846789,-0.08598289308937895,-0.14446168473442458,0.5282297575225433,1.0
0.6616470214764076,-0.5298175589705387,-0.32715675982716624,0.5167009936024746,1.0
-0.39998194726806585,0.3498865043473485,0.8453611163854764,0.5211879884203275,1.0
-0.447187767773503,-0.40810966661810943,-0.40600285594715746,0.45676588204999763,1.0
0.677844593568521,0.2643183885721254,-0.5982655896500298,0.463462811584274,1.0
-0.561866918629959,0.515824756274675,0.31000853155948865,0.5017938775320848,1.0
0.1770737785581046,0.266133147718264,-0.6701613878637745,0.4803601832439502,1.0
-0.22946823640714395,0.10487853123335937,0.565461256410269,0.531027310838302,1.0416666666666667
0.6458560339075428,-0.6828160142326771,-0.02106756071818631,0.41015190072357655,1.0
0.5264479765938787,-0.7169701288813601,0.12385707747469382,0.4774231494714816,1.0
0.3163419880489211,-0.4187211898311007,-0.04120207834573901,0.4676572357614835,1.0
0.37047582965897674,0.513011602111317,0.49252122527393444,0.4616025425493717,1.0416666666666667
-0.5226957877248348,-0.6002773988341494,0.3699235488454554,0.5492316484451294,1.0
0.4064045906379922,-0.07905629826291288,-0.22300912746678825,0.4833526400228341,1.0
-0.06974625676200745,-0.6902946765364357,-0.532590253769418,0.5211507795999447,1.0
-0.7608475733929729,-0.27432941342702466,0.25250473531452816,0.46275300222138566,1.0416666666666667
0.25320539314870527,0.2619693357387916,-0.7202571908002099,0.5059711945553621,1.0
-0.2477246299348457,-0.08573543262194439,0.6234764341972525,0.4722951066990693,1.0
-0.1321598641183245,0.7802073507867378,-0.5995526463967186,0.5349184038738409,1.0
0.07606809195459982,0.08695602057290083,0.6958178370985416,0.5387139599770308,1.0
0.0846378218273538,-0.01732388998217356,0.4779788207276078,0.4805089582999547,1.0
0.4587231723148282,-0.019106225389465582,0.1825221524904443,0.5058528669178486,1.0
0.13741432717000454,-0.49036837635899305,-0.7704517792503304,0.5130280815064907,1.0
0.40969204999783515,0.2275542412040504,-0.47157567533013794,0.4838368780910969,1.0
0.7243028568064841,0.529574121676503,-0.3580767554895926,0.5426408325632414,1.0
0.5370317733192519,0.10901615481059979,-0.012796269631731286,0.45747754474480945,1.0
-0.9311207405503001,0.19531504117698575,0.12867981723643368,0.5188069629172484,1.0
0.7386849250692957,-0.16126052397968588,-0.5596052438462629,0.4768679204086463,1.0
-0.1752194992638589,0.32904630155782494,0.601244676589838,0.48931071658929187,1.0
-0.03668212204106449,-0.7361926512049427,-0.20555912991306233,0.4985473783065875,1.0
-0.33662219626685225,0.3344123072312372,-0.6432543691130075,0.5386132498582205,1.0
-0.6171226427827091,0.3128812268722462,0.16130672644810112,0.471223338196675,1.0
0.23986378534137198,0.3309024915535995,0.05212219489034394,0.5149600654840469,1.0
-0.47130236335530534,-0.36554861446436987,0.76247781182824,0.46459553577005863,1.0
-0.6103439837657462,0.3212598132210361,-0.09143537464281784,0.4623350761830807,1.0
0.12508986023263044,-0.22312203086188492,0.7565392587027842,0.46439169595638913,1.0
0.6194940680027344,0.41454577987950086,0.24135220782370526,0.47246132728954154,1.0
-0.012261398111458276,0.6644869599696859,-0.2761536919724094,0.49846526607871056,1.0
-0.07044352356722808,0.6023665998418974,0.3348254250431557,0.5520217344164848,1.0
-0.27288602373729587,0.20490842573556567,0.6879045286420984,0.45988513094683486,1.0
-0.07839057179273955,-0.21612147523276276,0.36265926319147007,0.5182025395333767,1.0
0.47801455808383264,0.37537856578172163,-0.24905971661081788,0.4191887540121873,1.0
-0.30616242417868617,0.07182559886271284,-0.03607728161416404,0.4878813059379657,1.0
0.19736597512861973,0.9269057586340519,-0.1803275936617041,0.4549136931697528,1.0
-0.3391179050803762,-0.1457955347554292,0.012660026255828436,0.4921693727374077,1.0
-0.4157145242996205,0.17300601721751052,-0.5224129302742571,0.45807943244775134,1.0
0.2863968786993685,-0.10566280409343752,0.8388763579750788,0.5168594364076853,1.0
0.9891676780680924,0.03706821657898986,-0.07917762016111778,0.6134506414333979,1.0
-0.14790822655318578,0.6117010716366464,-0.4088482274416271,0.47835475703080493,1.0
0.699579136903398,0.532763928329864,0.005964992010931042,0.6170116265614828,1.0
-0.01829056242198549,0.6078536894001887,0.5438905021771443,0.5673554427921772,1.0
0.20327245721123835,0.5657865499492926,0.7564048229858064,0.4636795887102683,1.0
0.28297129433392404,0.8409321038965519,0.3643573269524645,0.4806082919239998,1.0
0.33299858638301805,-0.11766185010750323,0.4678979619403993,0.4600605306526025,1.0416666666666667
-0.30281829646793396,0.5548572332884157,-0.5785364044135856,0.46331439912319183,1.0
-0.2625127309202442,-0.6119909272312675,-0.3319358727103282,0.5402214384327332,1.0
-0.19504564048986334,-0.08744908773739732,0.3626613164331563,0.46966557142635185,1.0
0.006256400533136219,0.7463829790904654,-0.09896820836269137,0.4853372797369957,1.0
0.016521622873398485,0.13416961179131565,0.5185272184135271,0.4426197496553262,1.0416666666666667
0.5501910834856822,0.2348418074370934,0.5653139613990988,0.4828360993415117,1.0
-0.4493384675844654,0.3314640879520944,-0.6765792835516967,0.4456278868019581,1.0
-0.2597107673262262,-0.25776758374799463,0.20700365470452398,0.5506682402143875,1.0
-0.4922996232529979,-0.5427850721785786,0.5577356980129178,0.47175145521759987,1.0
0.03217132877231596,0.1614405313503347,0.9282641748160882,0.46781810869773227,1.0
0.22506786013852176,0.2562400683090081,0.7454321719854647,0.45206818357110023,1.1666666666666667
-0.4964683614485391,-0.5412749354655414,0.2808341903379342,0.48818457685410976,1.0833333333333333
-0.15067671923228199,-0.0403093769359415,-0.7163739967327953,0.4792274838934342,1.0
0.02454684813938253,0.2623763452467361,-0.27316095455709877,0.48179190295437974,1.0
-0.5256469095223293,0.24565508872484396,-0.6110638089315003,0.47769934746126336,1.0
-0.475723826468937,0.36832822510121316,0.4165053720164496,0.5269674255202214,1.125
-0.19418883208099028,-0.19139325328665796,0.20394352158355478,0.43539941124618053,1.0
0.6863316022340084,0.3169865365247206,0.02754826224222885,0.5451969796170791,1.0416666666666667
0.23967034498682976,-0.25003514737066296,0.9235204895654343,0.4805685306588809,1.0
0.015086721808094507,0.4090373066826356,0.6782544905241615,0.4744191914796829,1.0
0.6366407039343204,-0.07847522003124296,0.07967964825099157,0.46168846512834233,1.0
0.01972509125087641,0.830782694067057,-0.4273169047831186,0.46609611871341866,1.0
0.23891359608309332,-0.39701481229636204,-0.6023076422472595,0.45350629774232704,1.0
0.20825284456930745,0.17429709847497044,-0.7664422900379074,0.46288123975197476,1.0
-0.4623807919178113,-0.3971242023321109,-0.7566711741333516,0.5113427781810364,1.0
0.6095053882795807,-0.33705881001095916,-0.6281748602164094,0.45520276327927905,1.0
-0.3287690242203606,-0.3150474432116809,0.8234982508560196,0.4132535606622696,1.0
-0.13159260488852062,0.569664121497663,0.523863992324246,0.506190825253725,1.0
0.008352167124292861,0.06518173101158736,-0.9045314037843853,0.46672700097163516,1.0
0.39968311819003083,-0.342212533661981,0.6260824517384328,0.44096087105572224,1.0
-0.6925686103390429,0.45312373552297414,0.1851125444205683,0.5466516185551882,1.0
-0.10336225515821619,0.6039513945279367,-0.09533880293004483,0.43361865170300007,1.0
0.0295406284742247,-0.5400999760862166,0.5337230941328228,0.45520616322755814,1.0
0.319905575014116,0.09068776633385135,-0.06017256469567652,0.4643253746132056,1.0
-0.37429550877896833,-0.5758497296398641,0.11521799560491013,0.555651044473052,1.0
-0.6106330703062142,0.34928690904951504,0.7059176258705275,0.4861299091329177,1.0
0.39760354583142543,0.18574465199459275,-0.18363145337214118,0.49150463193655014,1.0
-0.18540088298436977,0.42592807936562743,-0.8505729524978498,0.43769989845653373,1.0
0.10398420926255739,0.6906715202939954,-0.6391408705167063,0.5320658423006535,1.0416666666666667
0.13786380344176113,-0.6478843224775377,0.36738599948109424,0.4762957692146301,1.0
-0.6323535063407807,-0.17186308339285006,-0.28491622112909554,0.5371982833991448,1.0
-0.21468455494761962,0.14391288723530157,-0.6422445099638766,0.45508775549630326,1.0
0.3068504075374114,-0.2976783711099907,-0.6297589685558066,0.4884590444465478,1.0
-0.6217188072222448,-0.0533455705932181,-0.21218244139591613,0.467306228975455,1.0
-0.5745041117283254,0.3966442025070673,0.3645311948999704,0.4701646597435077,1.0
-0.614992207521205,-0.6139885070811956,0.1925235760378409,0.4780992077042659,1.0
-0.2950882781109283,0.26648619089020326,-0.5486266073579542,0.5583644360303879,1.0
-0.022814263871078697,-0.0807835080202801,-0.6446669278910047,0.4606345761567354,1.0
-0.4882774469405158,0.1992661046014024,-0.6524096057712853,0.4503446122010549,1.0
-0.8570122511858563,0.12550924938932836,-0.019881013758515278,0.502164234717687,1.0
-0.09894056805296195,-0.5723119966232885,0.7967889360810962,0.5272022616118193,1.0
-0.7797251441757155,-0.5124120433348253,-0.0052626171529879286,0.43562373146414757,1.0
0.2779882677012229,0.623400072190458,-0.31795800138337604,0.4627997080485026,1.0
-0.007109771512892587,0.2152901631808833,0.009148626547853077,0.5859852607051531,1.0
-0.1045529676178542,-0.47817836997209007,0.20970441679073315,0.48563429713249207,1.0416666666666667
0.0010946149758904356,-0.3056466538842888,0.7375184121483506,0.47439201921224594,1.0
0.017308902723601007,0.2868017528686715,0.6399759834349487,0.49502346230049926,1.0
-0.0639843956704115,0.12322890729156823,0.8317680049365573,0.4434486000488202,1.0
-0.8193722733362532,-0.4752190996750888,-0.10153892045882591,0.45975144269565743,1.0
0.48089256039982303,-0.03262688314827783,-0.484803470003018,0.47275549297531444,1.0
-0.6814349900897938,-0.6430341078401056,0.21196168192499204,0.4722060238321622,1.0
-0.12537753002063223,-0.35846613249272047,-0.771462206546653,0.4811584564546744,1.0
0.07459760006324595,-0.5608277519911455,-0.2937938611404901,0.5847454331815243,1.0
0.24855003012731983,0.07757481631417902,-0.09505777408615947,0.4526000414043665,1.0
0.8298156298214391,-0.23900397082963173,-0.2982913919423825,0.4551638029515743,1.0
0.47103794601882365,0.3573018886821198,0.4365233515975257,0.4888377971947193,1.0
-0.521208131337655,-0.5884060772226333,-0.37013204897770874,0.45662024927635986,1.0
0.8039059731079633,-0.46900865744447046,0.17284229513678193,0.44545759198566276,1.0
-0.892253060262889,-0.06328548139797888,-0.17130603083741477,0.4515299530078967,1.0
-0.2291820034615487,-0.08934715518113907,-0.45967642286294214,0.4660545326769352,1.0
0.33635285802791903,0.006589833354768943,-0.7775714273925257,0.4710301881035169,1.0
-0.7487223288608181,0.09820299894949021,0.3825419985667989,0.5267115825166305,1.0
-0.7124591753676486,0.4545252999401056,0.05648072875750949,0.5029923648883899,1.0833333333333333
-0.5441173611677085,0.3229171854567755,-0.015203161046485085,0.43933926336467266,1.0
0.2649550849553439,0.28140294132522686,0.0788148834829534,0.5067570035656294,1.0
0.1776027611472697,-0.7922620200286823,-0.5286926983898738,0.4692967018733422,1.0
0.786379300215275,-0.020266984808524315,0.07576069289754489,0.529101642469565,1.0
-0.6252414147911474,0.30618464076490004,-0.16673241550409942,0.46309010684490204,1.0
-0.348912655720126,0.07285189573394664,0.777630364682921,0.45387412048876286,1.0
-0.047112282344573875,-0.28906270889371655,-0.6727877356581318,0.48164470742146176,1.0
0.16200967131829658,-0.12861611386422278,0.16282686312623587,0.4839128802220027,1.0
-0.07408450646382342,0.9005114375779532,-0.1322359684112778,0.44868630667527515,1.0
-0.7771370843624099,0.3109907115620339,0.5382124388077514,0.4692086341480414,1.0
-0.501700958374411,0.11978687858976043,0.6447646127591359,0.4407388449956973,1.0
-0.5568195175671493,-0.2562800222752088,0.718885830287149,0.47600861576696235,1.0
0.39466617310844426,0.7348053307701536,-0.43244248473700575,0.5623302683234215,1.0
0.05193725279169285,-0.05816803517161093,0.926209183432595,0.48858360884090263,1.0
0.47874275254805304,-0.567879059622388,0.5475999286015072,0.4435497187077999,1.0833333333333333
-0.8843098548822591,-0.314057672094231,-0.3426123982855876,0.48989564925432205,1.0
-0.6731165675867657,0.5901146688420701,-0.23635081897696836,0.46853753986457986,1.0
-0.5465787601660258,-0.23818474644669715,0.6144818959497763,0.4586137905716896,1.0
0.015427937664453233,0.5289537651835026,-0.5484421307060159,0.438232842211922,1.0
-0.16343030095374705,-0.5229286225906722,-0.49924654488438236,0.4585910812020302,1.0
-0.2768025464493368,-0.174060390739336,0.6397874558170497,0.4416688649604718,1.0
0.23380256663324184,0.5039907526419853,-0.7376833656900613,0.49757694142560166,1.0
-0.022682720420421854,0.8567971710760655,0.44474384149996654,0.47232662824292976,1.0
0.2900312617104678,0.781054615640109,0.48509893923154,0.48232543903092545,1.0
-0.7863270504954477,0.0021779316050714367,-0.30125441273669495,0.4900186552355687,1.0
0.4908670658937251,-0.001547845192383651,0.36142299319963217,0.5256146558870872,1.0
-0.5318643368089626,-0.34683325947842214,0.21600162007809953,0.46564726655681926,1.0
0.6410680450827452,-0.31549677425410594,-0.494570291711693,0.45149120315909386,1.0
0.4639087205289718,-0.18533230575850906,0.20518187528136936,0.4686752278357744,1.0
-0.17613588634763735,0.23876074326431898,-0.07314847984746463,0.5183417964726686,1.125
-0.3138552912859136,0.6077499055196993,0.28008125759458175,0.46506097229818505,1.0
-0.2929297237182487,0.7444999274706217,0.5040740506814189,0.4858835755536954,1.0
0.7479935836836055,-0.12576652207407077,0.3597095444797385,0.45720005097488564,1.0
0.6309068774505326,-0.2693073841376871,-0.6283146281872213,0.449966661632061,1.0
0.5083585325696428,0.8436736573126032,-0.010624355128374733,0.5018247583260139,1.0
0.4836511054282412,0.24797280045371062,-0.3178528844991464,0.47412113721172017,1.0
-0.4804719958095445,-0.08749299816901195,0.14757826385497372,0.5479091250648102,1.0
-0.5113114319709392,-0.18473304234926902,0.23232411059718855,0.5118558593094349,1.0
-0.7052526635634985,-0.43786281121128506,0.2866881524836946,0.46552681798736256,1.0
0.5579470421325137,0.5577487659623388,0.09831556076995734,0.5214946034053961,1.0
0.44182805399720193,-0.8607664216783881,-0.1456545077408576,0.4894629151870807,1.0
-0.06749885108783489,-0.14864984800778164,-0.18470274248116744,0.5015386554102103,1.0416666666666667
0.41317572684712967,-0.18475874025628794,-0.020703067725390236,0.4794955352942149,1.0
-0.2276311935237505,0.26080707522841107,0.27087862127657114,0.5746553788582484,1.0
0.6300605656264352,-0.3619138117429357,-0.4179236727250069,0.43722326184312504,1.0
0.19505969481050003,0.6942960425495772,-0.19422351173207134,0.5556912620862325,1.0833333333333333
-0.6159573400421354,0.6662539129255131,-0.24347993345534943,0.49495268675188225,1.0
-0.22153708439130446,0.23768574877035992,0.5007525113892086,0.44727997357646626,1.0
-0.2402920848533211,-0.00637122061715382,0.22651556625063987,0.4325961402306954,1.0
-0.5247793554264447,0.5458085621515452,0.429881840155889,0.46529461195071536,1.0
0.7595963742615351,0.23049277483024627,0.5363830848134431,0.5100202535589536,1.0
0.27525462681671997,-0.3000993877977105,0.6101071721523349,0.5264095868915319,1.0
-0.09261656608448629,0.7732437426622047,-0.34981794969094804,0.536015392591556,1.0833333333333333
-0.2734761064551749,0.026817625198367938,-0.39840048388236365,0.4616327080875635,1.0
-0.561725150396046,0.28140275376780266,0.0738609528669091,0.4402045315752427,1.0
-0.18875945919560227,0.821581622550006,-0.431159948493896,0.4431456246723731,1.0
-0.23239381009409213,0.38411211735841233,-0.8454783190361013,0.4700506925582886,1.0
0.3487523969349767,0.147565981584725,0.7994587383120293,0.4380057491362095,1.0
-0.18404428566010972,0.0634667097661725,-0.5822313242112089,0.449317932749788,1.0
0.29465716459285546,-0.2459817008173037,0.43051102012502246,0.4522145775457223,1.0
-0.6818139243181504,0.6656066352199296,0.13758497491396693,0.40767645214994747,1.0
0.5184169873212423,0.8194697225978743,0.12232297231155133,0.5093613316615423,1.0
-0.14338192414866766,-0.8899452423602972,-0.1840589933063381,0.4452259714404742,1.0
-0.1616898655876086,0.8716671026517757,0.3431055452267689,0.5059141063441833,1.0
0.4465477626671618,-0.7528935647876266,0.42483089450210554,0.5544598189493021,1.0
0.3053540214918463,-0.3690293246938618,-0.26805691490966227,0.5562247925748428,1.0416666666666667
-0.5325678260975629,0.656070893297749,0.40430287049273406,0.46602792168656987,1.0416666666666667
0.15906616415934888,0.713030948687983,0.6008674366856136,0.45735009014606476,1.0
0.707788127334476,0.3806742619821298,-0.008266576399122623,0.5282503974934419,1.0
-0.1266106864098791,-0.6100624506302136,-0.013110022829441795,0.47743674864371616,1.0
0.2370888141360479,-0.6604440242712067,0.569016428593569,0.4583844269315402,1.0
-0.6123118386787968,0.32592618553362995,0.4030473540666991,0.45024054621656734,1.0833333333333333
-0.4958451949742857,-0.6899318924777219,-0.5174158091136145,0.45063434292872745,1.0
0.1741316168170821,0.004809987449901505,0.37322945076826286,0.43586758400003117,1.0
-0.11501814893516774,-0.6765513362790853,-0.31579607393632025,0.4579759743064642,1.0
-0.5202273277014043,-0.46927869281717494,0.5132288413750795,0.4731312195460002,1.0
0.14887962281274822,-0.9235788511963469,0.22753731928740487,0.4432218875735998,1.0
0.4757595338347387,0.3080048006411407,-0.2826868003193531,0.48756748127440613,1.0
-0.24653612981335213,-0.7300475470531282,0.28144440742801624,0.4614463138083617,1.0416666666666667
0.4241632035912345,0.0007932412265375368,0.7330048863448417,0.5387267625580231,1.0
0.0060086421449188415,0.31099484651701526,0.10797738989534612,0.47678812965750694,1.0
-0.04777951738619815,0.1353969586457772,-0.5316005037970307,0.4917579038689534,1.0
-0.17055703105727002,-0.015247362231685206,-0.2124828473207997,0.5119679924100637,1.0
-0.46401996912450366,0.4164148376356459,0.22865918354239287,0.4952481457342704,1.0
0.6402675324249869,-0.6477660092085668,0.033569502058779004,0.4230924757818381,1.0
-0.2900604214675971,-0.7338226757997627,0.0915452111895558,0.43680610818167526,1.0
-0.12186864300400717,0.3094339600875761,-0.04829452822110741,0.4998908905933301,1.0
-0.28644372676455776,-0.5042669251211617,-0.6097352350874795,0.4737821401407321,1.0
0.4147517586924719,-0.5520702326421226,-0.4556392516318095,0.5057915449142456,1.0
0.3218129779735808,0.4722126514197583,-0.4531740748043182,0.5232359189540148,1.0
-0.2563156870820559,0.5376808791533869,0.3391127015661139,0.4708376501997312,1.0
0.4433168333639764,0.5274830696450338,0.6767170897875749,0.4802104538927476,1.0
0.06484591048668045,-0.13365384237236738,-0.5257142012527812,0.529523283864061,1.0
0.4484370637992328,0.6051741605066701,0.28772713085171847,0.464005986849467,1.0
-0.770728450564501,0.3754945137443941,0.38698242198178473,0.4915963498254617,1.0
0.08904459567200697,-0.18884304499130536,-0.5856925333758491,0.47362054449816543,1.0
0.21518863213701195,-0.3049135820711602,0.26618765250252335,0.47879206699629623,1.0
0.4782947704451539,-0.2770245360317854,-0.5332138446900588,0.5303727475305399,1.0
-0.3625115653449557,-0.4559965682311318,0.7694261095762662,0.46781255304813385,1.0833333333333333
-0.09392701797080559,-0.014041303506410339,-0.02038254482381036,0.49779357699056465,1.0
0.3068062412014167,0.26796975231916803,0.1534931010967057,0.48394956067204475,1.0
0.28039644070793884,0.33803542610293785,-0.7697283224643551,0.43658631294965744,1.0
-0.7929158585638153,0.48651788078140984,-0.04726156641652544,0.5023940665026506,1.0
-0.6384428035975583,0.485417912722818,-0.02791708945833475,0.46202261249224347,1.0
0.4545858593084851,-0.05417449340604823,-0.39351707409554393,0.45938191438714665,1.0
-0.37555436129374464,0.18296435574578065,-0.8472170518398086,0.5048443215588728,1.0
0.8335823425739669,0.5049478527501645,0.169909640231241,0.49981935570637387,1.0
-0.1715546420453918,-0.9334956156971442,0.05326908300592933,0.4966783635318279,1.0833333333333333
-0.30884927051257355,0.19712600561507546,-0.8338151192820581,0.4566891621798277,1.0
0.5609563200672625,0.5363325544815896,0.052932292175736854,0.4765418904523055,1.0
0.5515340666290669,-0.2974596883410666,-0.5638673402766834,0.45317965745925903,1.0416666666666667
0.5216958023974267,-0.40108245884003824,-0.03119946703014464,0.4444748057673375,1.0416666666666667
-0.4933709334297892,0.24157143701990938,-0.08620103986747066,0.43703402889271575,1.0
0.3496629386749373,0.03053363369670592,0.4544302428502263,0.4975001197308302,1.0
0.6897461159336576,0.29783924229155084,-0.03213831498207739,0.5476200350870689,1.125
0.5030454727078917,0.01050352446228351,-0.0580367063378479,0.5155950219680866,1.0
-0.6163290393565413,0.13687681397839252,0.45957098168215343,0.5093879873553911,1.0
0.45901920156079407,0.4443001331696818,0.3811495551665855,0.46832781098783016,1.0
0.21592011887994653,-0.24607236281770165,-0.940655236414853,0.5044406112283468,1.0
-0.37227080977754146,-0.8363763963839429,0.02117349216323601,0.4373784698545933,1.0416666666666667
-0.9290580572151614,-0.09628121967900773,-0.28249488136426404,0.504399299621582,1.0
0.03662376066424527,-0.4274097990633982,-0.5854862117755768,0.5345040193448464,1.0
-0.19141315121912145,0.17110677727304474,-0.36462269694675714,0.5277022812515497,1.0
-0.3024606213295348,-0.7540643685296413,0.2499955013590966,0.455094538629055,1.0416666666666667
0.5511554655855313,0.6241682531220613,-0.4359325249689852,0.5211158531407515,1.0
0.17439946919762547,-0.11749724973161477,-0.7939525388661193,0.4569781335691611,1.0
0.3528151760225834,0.383845635802951,-0.3657645589834881,0.5317191245655218,1.0
-0.31077188149376633,0.03082178295744087,0.21585113696881347,0.5237108388294777,1.0
0.26711413224097963,0.12198237398796496,0.09218926358610037,0.49200025262931985,1.0
0.2113194965784333,0.4581043186559961,0.027889875469551986,0.4560474393268426,1.0
-0.2011499639040196,0.38639969399916935,-0.8902237591599176,0.49004844203591347,1.0
0.22478997861842825,-0.5059610062222611,0.25742487043624473,0.4739264150460561,1.0
-0.24738132121115192,-0.8950939006454972,0.03217484844145873,0.48466969033082324,1.0
-0.2007623521169493,0.8720802963168156,0.1828888506799177,0.48679930716753006,1.0
-0.25647977885480977,0.7405973597314235,-0.2269924294072304,0.5446666733672222,1.0
0.6926399526234969,0.38743607000990604,-0.5372258352921593,0.5333974144111077,1.125
0.18840539217980157,-0.4844459759201788,-0.5613808248238122,0.43835605060060817,1.0
0.0807792917208273,-0.15843416799126975,0.40682288318384596,0.47507028219600517,1.0
0.35556244778504703,0.5862481007382663,-0.3141321331542042,0.5151652339845896,1.0
0.21409513452851828,-0.025794962456613956,-0.309672934519568,0.5041147799541553,1.0
0.656265329489653,-0.18241618923589303,-0.28333526773555623,0.543609036753575,1.0
0.36105126584385744,0.4631448690819031,0.2701081755117539,0.5160489163051049,1.1666666666666667
-0.6212311113633023,0.24396961644035303,-0.08980711404057296,0.5026593953371048,1.0416666666666667
-0.5624640836053444,0.7519984534483131,-0.2676110343474304,0.46266937876741093,1.0
0.7714464058808431,0.05549217147494975,0.04621440985743609,0.4690920157978932,1.0
0.08911193498290049,-0.9464481393646144,0.2978334117329047,0.43631269596517086,1.0416666666666667
-0.03535977904386182,-0.0641334395601949,-0.6965454699611502,0.4660719446837902,1.0
-0.6118456025949066,-0.17886205177517103,0.731686833261599,0.4162702566633622,1.0
0.012014860659696057,0.30484451601226736,0.5893013109060551,0.45429343233505887,1.0
0.5595323500884937,0.090428779997772,-0.31806545099358535,0.4717552401125431,1.0416666666666667
-0.8167147641560034,0.1507295283555118,-0.07479094625685564,0.4466993883252144,1.0
0.6446932469582403,-0.3147907516172548,0.28910137398055274,0.5004859076191982,1.0
0.7421465472578175,0.0027348671596177953,-0.39534740296396614,0.4917076453566551,1.0
-0.5971417716302948,-0.12315487226031499,-0.5509796173079655,0.5591049579282602,1.0
-0.5292905053368344,-0.02516499145282479,-0.7052508020558441,0.45301246518890065,1.0
-0.023127224216226885,-0.6799383727278543,-0.4455005676210724,0.5659362661341826,1.0
-0.28379099321788515,0.8447485568297481,0.2885716123227733,0.46097113750874996,1.0
-0.9287925529648194,0.05585219933553204,-0.14591457406377614,0.5423874159653982,1.0
-0.3395455861804832,-0.3069676267088971,-0.09539802193699924,0.4510209473470847,1.0
-0.3634977355402254,0.7301020274143123,0.24811101870780367,0.4670359790325165,1.0
-0.416659206250317,-0.6742449821029821,-0.33205288268889666,0.45404573033253354,1.0
0.2028707607525185,0.6601072899651526,0.2499607735504265,0.4455279956261317,1.0
0.4123916639623895,-0.015682814890629566,0.1587835719505018,0.4872228441139062,1.0
0.4179556461258591,0.5042839279224774,-0.3253052932100105,0.4758518685897191,1.0
0.4662791991056349,0.44400120057061476,-0.46051727892236205,0.46734796091914177,1.0
0.5697933450233756,-0.5847097028003755,-0.5716601442807294,0.5622112955898046,1.0
-0.0026133582657125996,-0.05453498996281578,0.8671070833487037,0.5049697812646627,1.0
0.5629196408844243,0.5877445499226963,0.274308480388031,0.43207492865622044,1.0
0.08306265307244333,-0.3071650090548042,-0.6038704293425228,0.46872135438025,1.0
-0.9456543617116253,-0.17492054588903577,-0.09635832685297051,0.4788550150891145,1.125
0.12181963637426836,0.035950509650077275,0.7565018064669732,0.48117424361407757,1.0
0.12216622159852303,0.5192065082408772,-0.07554925656864107,0.47632427389423054,1.0
0.2428139928082427,0.17183946260684207,-0.9283124100029612,0.5088449834535519,1.0
0.35188258141025575,-0.0786222049075856,0.6765992722008897,0.4623067391415437,1.0
-0.5036137265375097,0.2314705286229853,0.8231736289999075,0.5297573680679003,1.0
-0.42834778359912884,-0.783788715351916,-0.20865720180794797,0.48850786437590915,1.0
-0.28398734204287496,0.14289197985070884,0.4355298809718022,0.5309438997258743,1.0
0.3957564853028627,-0.7878342111634786,-0.4230484288686159,0.47564724273979664,1.0
-0.036148676396783666,0.7327344528942236,-0.12369866521143141,0.5066396122177442,1.0
0.11930425158811872,-0.4676254274119851,0.3733481354370921,0.5044087246060371,1.0
-0.3323697319935411,-0.4851505639601413,-0.21412547783722635,0.4591019203265508,1.0
-0.6307847252108161,-0.3859220875668148,0.4372822117157581,0.4686082781602939,1.0
0.1195264124893252,-0.4144540313851327,0.19985533212227471,0.4688786168893178,1.0
-0.20774236570661722,-0.46219098662903585,0.7474452567775915,0.4760098246236642,1.0
-0.1961771268628149,0.41086487409584543,0.8576277289580541,0.5026041387269894,1.0
0.37532266105101414,-0.6608685645179976,-0.45985225100036026,0.530639269699653,1.0
-0.6554007083134176,-0.3638967642506262,0.19658951805530844,0.51106847760578,1.0
-0.24115813099685718,0.02051273633392043,0.2406355716631031,0.47374068821469945,1.0416666666666667
0.07332657580483457,0.32310674413319435,-0.7250103190780262,0.5479515163848797,1.0
0.37596882027330103,-0.4477823027636236,0.7461990591557424,0.512739667048057,1.0416666666666667
-0.3014730579852109,-0.4181812226317036,-0.18265300160738537,0.5136104269574086,1.0
-0.15979576345891183,0.8135945824794514,-0.46293631081235326,0.4762792916347583,1.0
-0.3445215599416834,0.6308937300399036,-0.020233816448530586,0.5116034479190906,1.0
-0.4560230925353038,-0.5476456332483427,0.5891369841795542,0.426286776860555,1.0
-0.753260707965094,0.3433894857847916,-0.19884302819314764,0.44209064605335396,1.0
-0.34737045889421764,0.6254752909611883,-0.26112796619693873,0.5387131522099177,1.0
-0.4892863148465206,0.07530195573847175,-0.14581474217081591,0.5361144909014305,1.0
-0.21185340704276928,-0.23415641534910875,0.33598607051898893,0.45208583648006123,1.0
0.0464430455548746,-0.6537663305932894,0.22282945496564913,0.4683347338189681,1.0
-0.9259729912770162,-0.002913229648849956,0.17979922130556347,0.4830460250377655,1.0
0.28670047554978073,-0.43415700824238646,-0.7003608227878969,0.6580225874980291,1.0
-0.23749516304106522,-0.06714926911740689,0.5240704492347006,0.5258191010604302,1.0
-0.007104233444347708,-0.650162297800751,0.6812008961085357,0.48775449581444263,1.0
-0.4257093565333653,0.2182232176344268,-0.133191463775132,0.47850555926561356,1.0
-0.8538211691104309,-0.10012759650901998,0.12275384564461443,0.47400712966918945,1.0
0.5991159484282972,0.18384017671758254,-0.7570340941031468,0.5476982860515515,1.0
0.5401388971633467,-0.4630777067016296,-0.09691469673655724,0.5087545389930407,1.0
-0.2227408743601488,0.4225663766788481,0.13763845768692035,0.47235711105167866,1.0
-0.06309460321343996,0.4772327208498059,-0.6949504105941609,0.4425410646945238,1.0
0.5290668426272847,-0.5110807366671359,-0.6537441809931326,0.5382622970889012,1.0
-0.3365973536894364,0.6551264404697876,0.5289390751183937,0.54847019414107,1.0833333333333333
0.8873973805205975,0.3168516204460211,-0.21895448595163775,0.47286660100022954,1.0
-0.5483565269169142,-0.04558117766575787,0.08172973367662548,0.43724447054167587,1.0
0.6081651617911467,0.2955124282798058,0.1394794887474557,0.4467950028677781,1.0
-0.3086430326738913,-0.13216618512997005,0.2396373254316249,0.4730052842448155,1.0
0.2006889235962616,-0.23870655092836537,-0.5413636632992892,0.4887491849561532,1.0416666666666667
-0.2728084643014341,0.35806464090994883,-0.13077297627319817,0.5098662587503592,1.0
-0.14313196764246633,-0.18405715337869083,-0.18455898456842948,0.5098788601656755,1.0
-0.37307230961783444,-0.2474029009717968,0.10463396415597231,0.5287815202027559,1.0
0.32526920527370723,-0.4382826960528034,-0.13951059970200594,0.4920310974121094,1.0
0.41940405289238836,0.08808618382526254,0.3618156023497597,0.5228550614168247,1.0
-0.04812098610758055,-0.4607965154527483,0.4054050727663392,0.4858818619201581,1.0416666666666667
0.1341512094801405,-0.5793807583496712,-0.5796240973505132,0.46969345149894554,1.0
0.49787024827368753,0.6519999721687297,-0.18677646349254215,0.4637740695228179,1.0
-0.4516663042338119,-0.16731252965060675,0.5961043342465412,0.5504153333604336,1.0
-0.06474655361950479,0.02500530371219644,0.7174151650491822,0.5094347298145294,1.0
-0.20376073654334928,0.845374307687356,-0.30632744566527187,0.4366881549358368,1.0
-0.1543819245732293,-0.16861706052966552,0.6596192978688002,0.5375194108734528,1.0
0.7565593654426712,-0.3808350976688959,0.4897768309126325,0.5416365992277861,1.0
0.3170061644559041,-0.350642812171742,-0.1652157408880979,0.453870402649045,1.0
0.7753571318229661,0.09011900230351688,0.07775925727280891,0.4677978518108527,1.0
-0.37470512296793484,0.5798368850707748,-0.028130321857742994,0.4969363361597061,1.0
-0.4277123057046324,0.20833767277875023,0.6636137062819794,0.4422275262574355,1.0
0.19301694052856513,-0.5715735192622987,-0.18151740314888937,0.5333516181757053,1.0
0.6521514712752396,0.31443538591083103,0.42634816187916097,0.4487450278053681,1.0
0.6403654290676232,-0.4862410348265739,0.5222579950223527,0.5099516275028387,1.0
-0.18716286372247792,-0.44686034026870436,0.45334973349209445,0.4489892069250345,1.0
0.41008501223562577,0.34205995513715914,-0.7410159742891844,0.4409566180159648,1.0
-0.8947834461536852,-0.2654210309853272,0.036220815673497844,0.4887642916291952,1.0
-0.3587960158503723,-0.6390310899612758,-0.3516167422094449,0.46305019470552605,1.0
-0.053859621615012704,0.4290496331598572,0.39373791917724693,0.5453388771663109,1.0
-0.3930014784962419,-0.010247098856035274,0.629692336552324,0.6228537013133367,1.0
0.4574628701025523,0.3472588126223024,0.6740709505856345,0.5281885030368964,1.0
-0.33942794140163063,-0.935762165242624,-0.0037153317901703845,0.49631432940562564,1.0
0.19535824149009168,0.17717636715466842,-0.4211274682734276,0.4996952588359515,1.0
0.036543067201345765,-0.7353200505473846,-0.5648760440706895,0.5177984939267238,1.0
-0.5339231552983517,-0.19086962279440234,0.396555209165891,0.552638408417503,1.0
0.4849334012188016,-0.670380783606611,-0.2699301148479212,0.46927835047245026,1.0
-0.26272700665744153,-0.1122123783388759,0.06550561861607629,0.5894494913518429,1.0
0.450104852848322,-0.3394392895106262,-0.3377352380014676,0.5619717712203661,1.0416666666666667
0.11081510096368861,-0.1626322460382082,-0.6903011090183271,0.46857144435246784,1.0
0.07393748792985473,0.9768668370902986,-0.17672453897216245,0.47470523168643314,1.0
0.5419182358953161,0.5033555948057662,0.4106223842108222,0.4547184271117051,1.0416666666666667
0.4209188207087839,0.7493623665062626,-0.060630473389237854,0.5372682952632507,1.0
-0.1701612344041255,-0.6889359003147207,-0.3501940239357412,0.4665031097829342,1.0
-0.5075085964238221,-0.2996589691053094,-0.1567399328043322,0.4379413115481536,1.0
-0.043094527531574015,-0.44898730575129553,-0.5654579964315534,0.49405210961898166,1.0416666666666667
-0.35080846248919106,0.6540855650547318,-0.5709993981659466,0.544623284911116,1.0
-0.052292707357525205,-0.8301072953646756,0.17335252952374158,0.4940934920062621,1.0833333333333333
0.040662707188859726,-0.8640648296046688,-0.07026429270540818,0.5854398633042971,1.0416666666666667
-0.09348878786808881,0.26939848212687934,0.5870293889542662,0.4744135836760203,1.0
-0.47933803604776976,-0.48439632596009535,-0.14839687093813994,0.4557739992936452,1.0
0.048631215359179795,0.8744493216709986,-0.36555263326277726,0.48509290255606174,1.0
0.08802572586443394,0.4898309632182033,0.5284036965510218,0.47310721129179,1.0
0.0803448386720909,-0.258462084965719,-0.08573873698866472,0.46396136097609997,1.0
-0.723757849136445,0.23596763201407098,0.05721007380072484,0.4654730036854744,1.0
0.4177124272993872,0.7422273739557215,0.127742577928732,0.4967607818543911,1.0
0.18647370929884977,0.5981467093248344,-0.6252682868590963,0.4440431793530782,1.0416666666666667
0.1831167946936652,0.014335008459702073,0.15368187115161222,0.4685502101977666,1.0
-0.681450852260107,0.1441753035295378,0.01305927435426882,0.5038444654395183,1.0
0.48697017018823224,-0.4955682096249415,-0.7161060497659725,0.5705294429014126,1.0
0.165682505012854,-0.7687217079767831,0.4918834638778072,0.4464911570151647,1.0
-0.07520651933448326,0.4339551492497431,-0.25298607848322197,0.4594177883118391,1.0
-0.446153525398074,-0.6716553696638768,0.4613133940460473,0.4511718687911828,1.0
-0.7687330879601679,0.5765600516764487,-0.11234747994615382,0.5298941098153591,1.0
-0.23088665758716703,0.50612363171799,-0.2534547979926097,0.5317788658042749,1.0416666666666667
0.5566987356232009,-0.003995781535692533,-0.4994019438745769,0.5016082761188349,1.0
0.04153041456817621,-0.4352233276429419,-0.41128354371026177,0.5164505504071712,1.0
-0.20151612547711567,0.08944734790738038,0.051097859436993354,0.5315710051606098,1.0
-0.20411366869860176,-0.4418776502984779,0.10411854209034616,0.4967698846012354,1.0
0.025736807638034327,-0.238955589629959,-0.6279410290793123,0.5034939497709274,1.0
-0.7844395348787668,-0.36242293326268665,-0.4440042129723729,0.44363677501678467,1.0
0.007530138493500996,0.025890132560651695,0.05567715260954134,0.47604181058704853,1.0
0.09209720579624325,0.8570868344881521,0.28286701033310807,0.5372685336818298,1.0
-0.3689433095018209,-0.12210672333066834,-0.03517175822930521,0.5307957430680593,1.1666666666666667
-0.0702931264264216,-0.743441180343122,-0.31257312537880155,0.481399891898036,1.0
-0.5597076871620965,0.16033614677147698,-0.061464419239778745,0.4838971924036741,1.0
0.2804345889119723,-0.4839152758889895,0.1783339163134111,0.514804366355141,1.0833333333333333
0.0368597230491576,-0.5096073541572597,0.16211876651713086,0.5428400107969841,1.0
0.6577907718071283,-0.03908106345364159,0.3379873304182695,0.44961780309677124,1.0
0.35998595399872074,-0.6193365991534994,0.10889038895540083,0.47520655890305835,1.0
-0.1965693387252545,-0.32102876415581866,0.9091774981663323,0.5524756057808796,1.0
0.662843766073089,0.16775971817922322,-0.1425094545570041,0.47396655318637687,1.0
-0.28133377269404203,-0.353090853604777,0.4014705138182072,0.5779992093642553,1.0
-0.2495041508967259,0.6514449022148711,-0.6262341001012551,0.4599636954565843,1.0
0.13084620421600707,-0.07658940319076883,-0.6453947884890979,0.47680066774288815,1.0
-0.11400668466309478,-0.5354488007863963,0.19754513692951875,0.4636049171288808,1.0
0.07625197925326736,0.24587282436576138,-0.5368873708044536,0.49802854532996815,1.0
-0.004254602888537812,0.654346327331209,-0.5248103779140414,0.452025692909956,1.0416666666666667
0.32194483661971496,0.27964570668367883,-0.1280718054639283,0.4544989988207817,1.0
0.06714802201159444,0.9137956222324038,-0.35574728376326864,0.4979656158636014,1.0
0.6541782494278012,-0.115214379419956,-0.5361238680200563,0.4911694334199031,1.0
-0.28394816139744494,0.8464166862367438,0.08935457107471807,0.44669272812704247,1.0
-0.10477767885765,0.2245811041065138,-0.15405587516257524,0.5241493278493484,1.0
-0.5100288367470204,0.3946350189184353,0.3882664425852019,0.5154025598118702,1.0
0.16808836490844647,0.3253596924013617,-0.23935155091681024,0.5399411660589893,1.0
0.42400159335356,-0.5357130169457446,0.3478123435130658,0.46298029149572056,1.0
0.021786799696389445,0.754490976169425,0.4399308876540038,0.4437125977128744,1.0
-0.22222797875957329,0.12218973012932526,0.393722090147853,0.5039221365004778,1.0
0.22297584709764484,-0.7657559316375163,-0.44444625563226947,0.4163055916627248,1.0
-0.5151287344541301,-0.10906918691059042,-0.07825384641869072,0.5104347753028075,1.0416666666666667
0.8583507604746919,-0.24279823725402572,0.280041912613165,0.46532828112443286,1.0
0.5424114909267379,-0.41994591645261997,-0.3654624052356712,0.43673093679050606,1.0
-0.7006426145869009,0.6746910528096357,0.11407373980065026,0.4451522237310807,1.0
-0.28586986676043613,-0.1784400120783615,-0.0010853135810653394,0.4379426718999942,1.0
-0.39679887164567146,-0.2839819001551248,-0.7826483055003509,0.5331923688451449,1.0
-0.5915819499568181,0.17638298189465043,0.5756457588715534,0.47320631829400855,1.0
-0.5957572706973621,-0.7456468714195215,0.11818210874210502,0.5736869064470133,1.0
-0.31817331446159886,0.13237712634936002,0.8996586135730144,0.47450167251129943,1.0
-0.08760396793248233,0.7097278192497356,-0.644022132682383,0.46278155719240505,1.0
-0.20579569695012484,-0.15313944651313918,-0.055669795376251364,0.48709577818711597,1.0
-0.43967984430545054,0.2734396980641786,0.17721474660927372,0.4577162017424901,1.0
-0.37813616489844903,-0.3474456230863052,-0.24729266791478055,0.484359972178936,1.0
0.6947519775335517,-0.049510759920794456,0.0818685809721069,0.5137200349320968,1.0
0.5833411264925792,0.7058954649373178,-0.09459858221232925,0.41460967250168324,1.0
0.10872703280575892,-0.7134400766048408,-0.6558908575414868,0.44256103845934075,1.0
-0.014012366266718188,0.4008280691244154,-0.47344223533364094,0.45780685854454833,1.0
-0.08974754682268701,-0.844896131167573,-0.07126077065816815,0.4742225222289562,1.0
0.27186984638909406,0.39803451175142024,0.6467704253036115,0.46152702905237675,1.0
-0.2540842178877995,0.3623744341786571,-0.8779324185538443,0.4958763675143321,1.0
0.14700613244465277,-0.036611856697150745,-0.8044125291825843,0.43679139266411465,1.0
0.6779523982673054,-0.4564128483762275,-0.07309486830837919,0.4545212648808956,1.0416666666666667
0.21626591507010304,0.36699125552804945,-0.869139985868246,0.5905185105899969,1.0
0.6650880322413133,-0.33631364258318214,0.4861005332901941,0.49634159604708356,1.0
0.6414147071593267,-0.5274776991196091,0.33447537440696024,0.4331955015659332,1.0
0.06056753631705228,0.5756558809156349,-0.7711875627614253,0.43488341383636,1.0
0.7527176054637809,0.5975370026173868,0.07499950986115367,0.567579715202252,1.0
-0.2617155475565265,-0.31718241982473105,-0.0193050610963152,0.5355372689664364,1.0
-0.5320088813165504,0.09644071952848049,-0.567650722691544,0.4652959145605564,1.0
0.6797094917329201,0.47792936521228824,-0.21676091361372749,0.5280292332172394,1.0
-0.4395613251185815,0.6387175509222017,0.32790830209437816,0.6450376895566782,1.0
-0.09463687999971654,0.7106873345261223,-0.08037535444830808,0.5440535408755144,1.0
-0.09495065506566992,-0.0017022969713890246,-0.8937890447460318,0.49081606790423393,1.0
0.20992164678335087,-0.4093421488150029,-0.8509115693954753,0.4554326143115759,1.0
-0.16598533619071087,-0.14551877393436208,-0.07185805103530639,0.4496048477788766,1.0
0.6671771990009999,-0.7015169273042591,-0.24951526406708793,0.47611498708526295,1.0
-0.45151800885710563,-0.550350258665844,-0.5412279777039172,0.4371309137592713,1.0416666666666667
-0.7912582688644096,-0.4259647214886326,0.37518256915682496,0.50036044853429,1.0
0.6388335484878613,-0.3780160220363145,0.6318227004129564,0.5164877033481995,1.0
0.27424229691615487,0.05064363066005506,0.2408028763905773,0.5126672300199667,1.0
-0.2932722067440897,-0.8702005495039795,-0.23482272107177157,0.49505089844266575,1.0
-0.7224291931053487,0.35948595606802386,0.3849459904771913,0.4878247796247403,1.0
-0.06843579760979251,-0.6315511704742224,-0.2304374401038387,0.467747791359822,1.0416666666666667
0.2179687090725728,0.5244375916625952,-0.19773995729944913,0.5203568997482458,1.125
0.13070905697286492,0.05369796415918166,-0.7291388400798454,0.49881987149516743,1.0
0.5874791507362729,0.34546223655390085,0.25412061145952347,0.471822926774621,1.0416666666666667
-0.013803650184665221,0.6408743075245341,0.4713406206321421,0.4873436465859413,1.0
0.4171032583942241,-0.702006523839861,-0.33304344201652586,0.4939999431371689,1.0
0.3529994816779888,-0.1694676139942172,0.3590644563205692,0.5504312751193842,1.0833333333333333
-0.20501212011150094,-0.614982750689601,-0.235530739795554,0.49770970332125825,1.0416666666666667
-0.8106100020408317,-0.22415600878213726,0.47557572849072843,0.5001515659193198,1.0
0.21605409000460904,-0.22862871780410346,0.015864798453528898,0.45507196088631946,1.0
-0.053430190380942516,-0.30190627268147224,0.27024230557346085,0.5339358697334925,1.0
0.6330962121345054,-0.6979162294351434,-0.16817712877010546,0.46179324264327687,1.0
-0.5656445434433353,-0.5930266776533153,-0.07450566608409069,0.4517631543179353,1.0416666666666667
0.46889336410228055,0.6957916930782365,0.15028580858327462,0.45646728699405986,1.0
0.10070440320984932,-0.08661108149693073,0.3189658885562581,0.4688183677693208,1.0
-0.18932438877811897,-0.5102060728387898,0.02527727879725981,0.48218969193597633,1.0
0.09153946472646446,0.1855093681379035,0.7688421989650861,0.5084832819799582,1.0
-0.2804033339942537,0.22665759905571453,-0.9185876215643185,0.511042095720768,1.0
-0.21503807956716042,-0.430910804438289,-0.663610436547353,0.5029833304385344,1.0
0.8044848113975123,0.07352053937421887,-0.07715106959587947,0.45014920458197594,1.0
0.3322116089955366,-0.23684251701163836,0.6591621831405334,0.48657036075989407,1.0416666666666667
0.39211680189677156,0.3371614672450144,-0.2254256146389023,0.49085578011969727,1.0
0.8369169843429981,0.2455664209803762,0.15545291970522968,0.5117685769995054,1.0
0.49876069082346164,0.58863771476007,-0.39679425422976783,0.450321352109313,1.0
-0.7621090545717323,0.05515308591426249,0.22388232831678698,0.5062296893447638,1.0
0.0993323764027006,-0.3051027962169349,-0.09501241564086968,0.4542621647318204,1.0
-0.1286921327872454,-0.5948187272108397,0.6726701945028426,0.4378299129505952,1.0
-0.4348066718973742,0.6895655269573737,-0.3484675521884011,0.4729820291201274,1.0
0.08067791876235801,-0.4509387376954047,0.44306755341941095,0.47808079048991203,1.0
0.4443310873820541,0.06861594204286132,-0.63844569873752,0.4829911943525076,1.0416666666666667
0.504674594503209,-0.49752058984413444,0.38678828688798894,0.4996499326080084,1.0
0.7286809113435904,-0.37246181973924536,-0.3537917106329191,0.49252853480478126,1.0
-0.008878864855981659,0.21852647624056507,-0.1779039666961737,0.49563853691021603,1.0
0.40280237489466303,-0.2739117589084836,0.07625328066075819,0.4904379068563382,1.0
-0.20243646859837822,-0.15592408477298111,-0.8762461030957444,0.5202369211862484,1.0
-0.347674973471891,0.21225146632530867,-0.6509158105237005,0.4605788240830104,1.0
0.4428033561828592,-0.5077104372187934,-0.5680683871019193,0.4922470065454642,1.0
-0.712456924964767,-0.4948541883490078,0.03606192421950208,0.4894811362028122,1.0
0.271651222142198,-0.7267553365671593,0.07862818610651909,0.44795557856559753,1.0
-0.031789971140761396,-0.09459699782416393,0.42981364355457974,0.5250581366320451,1.0
-0.25196126532149954,-0.4202515733107554,0.8319881732717201,0.44666332254807156,1.0
0.048176948996987295,-0.11318363299478178,0.7105337120926762,0.45153154991567135,1.0833333333333333
0.7910326952363327,-0.0028800183771440667,-0.10052919210629603,0.47504653843740624,1.0
0.02355929345663685,-0.5382641743071289,-0.5997556973053153,0.5160678016642729,1.0
0.1510807779966418,0.8258732607987596,-0.11686819014517986,0.4661064265916745,1.0
0.028297047126670322,-0.5678926672545199,-0.5174616576870132,0.5119883492588997,1.0
0.8076784677486452,0.22511756563700674,0.020214606301783532,0.43182402414580184,1.0
-0.07940442027231662,0.4313388313664515,-0.3042958214795065,0.5201681442558765,1.0416666666666667
-0.21059679105059084,0.37999708667788357,0.5292689419203542,0.48245905960599583,1.0
0.23112806452635518,0.07889452280700382,-0.20294651906816674,0.4787341703971227,1.0
0.21246290694278172,-0.05521326115806613,-0.6475089529502457,0.46596577018499374,1.0416666666666667
0.4389489077279504,0.15141307955757233,0.018015720099716217,0.45693545664350194,1.0
0.21869990171452733,0.25709890395397095,0.19780251147545966,0.5476078155140082,1.0
-0.4046154778947828,-0.0799967862490747,-0.7714940321084928,0.470446253195405,1.0
-0.4956591610668675,0.3245847184890948,-0.7575924627842805,0.5079118112723032,1.0
0.07389648331115288,-0.23336645931896602,0.7915970737459723,0.48060693343480426,1.0
-0.05251262848762442,-0.9105634654613124,0.1917200484502557,0.4258282749603192,1.0
-0.3450392060387402,-0.803788172926226,0.09728186325844616,0.46680268459022045,1.0
-0.45133701227499856,-0.14120323201692253,-0.6523097976861799,0.46471339960892993,1.0
-0.5523189618153571,0.025411523992907855,-0.6597836019248933,0.46021022150913876,1.0
-0.28670167743605696,-0.4648914540572062,0.37239964096034844,0.4344492380817731,1.0
0.15015717238639661,-0.09738114651377643,-0.4586282708607427,0.552095298965772,1.0
0.12313362766400718,-0.09345351512474645,0.4483890748659027,0.5815176169077555,1.0
0.5295414680964957,-0.39530266689246685,0.29992069314401376,0.46737086462477845,1.0
-0.5097331845144806,0.6531607697900749,-0.46272329036308363,0.45431617212792236,1.0
-0.3403282179251043,0.485692776255471,-0.775881798979832,0.4502373697857062,1.0
-0.6061706413681897,0.14424372817535477,0.7727301297529038,0.4989553273965915,1.0
0.1179902196189519,-0.6032753550306524,-0.11180337413179912,0.528808269649744,1.0
0.4455040331092461,-0.4212980221238744,-0.2852110959249956,0.4992893027762572,1.0
-0.15446240445347065,-0.016168551862023314,-0.10140451032980885,0.47224164257446927,1.0
-0.8458802627072932,-0.27143101399004965,0.11464751841848424,0.4522378866871198,1.0
0.0948616411196539,0.7483204668552729,-0.5602110013397928,0.5603428346415361,1.0
0.8824781118089724,-0.1640994172050417,0.12170668150839192,0.47352065828939277,1.0
0.11981973529905335,0.9533401520889068,0.16014529704666033,0.4632909130305052,1.0
-0.008704087845762671,0.552178108352691,-0.2450574015583811,0.43008276013036567,1.0
0.12281092575175342,0.6638896528750029,0.08424894970170012,0.6054950803518295,1.0
0.29030678079965994,-0.3249883632016745,-0.16551779624445406,0.5066493637859821,1.0
-0.4473342800579121,0.6082825880976965,0.11126776696281984,0.591039796670278,1.0
-0.7190038389137768,-0.11100365951578962,0.6304828739437062,0.5017668871829907,1.125
-0.032570693811466704,-0.400362487370494,-0.11070770268727625,0.5100673319151005,1.0
0.03557934823215059,-0.2689686235712146,-0.49809740103181166,0.46368030086159706,1.0
0.020443299135470112,-0.5769277336580022,-0.24748690281704586,0.4578796786566575,1.0
0.8077031802932686,-0.098272856629414,0.12244262139761958,0.5358244317273299,1.0
-0.34681167566357707,0.3586654246805952,-0.5882171113573177,0.46476636330286664,1.0416666666666667
-0.23447694822700163,-0.48831747434128703,0.00821639997065727,0.4506205730140209,1.0
0.31197178610662357,0.6003844717118917,0.005242204159100065,0.4601208282013734,1.0
-0.4213066239264569,-0.085991699540312,-0.6273134182871026,0.4593947647760312,1.0
0.7352755914042761,0.2766121872074532,-0.243064230966223,0.4962034442772468,1.0
0.0035576501925930625,-0.4209096654939687,0.17652808714960705,0.5362694462140402,1.0
-0.4085208369639549,0.2510887328936666,-0.6780881961387154,0.49113266728818417,1.0
-0.6253094964794025,0.5637956265981418,-0.35747560746420515,0.4824593774974346,1.0
0.2303270888275603,0.4656633857594949,0.6626704418852276,0.4854644952962796,1.0
0.7464045459178572,-0.20756011032877297,0.6046960989657748,0.4514643009752035,1.0
0.533318215648095,0.4233640894796361,-0.033107252683504486,0.46244829582671326,1.0
-0.6702260202248734,0.1751262594158321,0.27976398950604464,0.4809646016607682,1.0416666666666667
0.14827653401824517,-0.46713447866676494,-0.1610535291719696,0.4473152489711841,1.0
0.6302554859925596,0.12532664491957363,0.13294313351310105,0.4860876513024171,1.0
0.5479774592023663,0.27135341391673623,-0.714039132563382,0.5062403157353401,1.0
-0.3750231658451932,0.41952180617317764,-0.4712845087033314,0.504809899876515,1.0
-0.44167248069157505,0.049423011203816106,-0.3519788867652337,0.5727392708261808,1.0
-0.6356528914012338,0.5014068333094738,0.060317164191712756,0.5279220112909874,1.0
0.20827025916052316,0.6633172175896981,-0.37246493834095945,0.5244035894672076,1.0
0.08881553062159925,-0.3181513604035993,0.7415293003426427,0.5158756288389365,1.0
0.6887972513080394,-0.2200982380641696,0.38503323761826935,0.48118864620725316,1.0
0.020651852891078782,0.7711310595829389,-0.607835153927518,0.48191764764487743,1.0416666666666667
-0.18042724746775818,-0.17212696864094004,0.8314661699916762,0.5047966862718264,1.0
-0.21770989466865678,0.5810192489082007,-0.18506636999425505,0.5177411704013745,1.0416666666666667
0.019606271935025905,0.3747846644845753,0.7641286019539631,0.5097191178550323,1.0
0.8483324274380677,-0.09294993502861094,-0.005656047515461897,0.5586329326033592,1.0416666666666667
0.41410446814996865,0.32716681897105343,0.4587285143373557,0.4823783685763677,1.0833333333333333
-0.6074385408053764,-0.077896220708731,0.7264572916852841,0.4709374401718378,1.0
-0.49504469504747806,-0.16567365421635596,0.2632748450462918,0.4546548432360093,1.0
0.06796686670636443,-0.2916902783374634,-0.37328666270103733,0.46969264683624107,1.0
0.058892189513796725,0.385493374871779,0.5377708520810258,0.4748985084394614,1.0
0.11792926934761676,0.5774093041615844,-0.6594586877876061,0.4736150565246741,1.0416666666666667
-0.6758736792139537,0.032304862848613856,-0.2517654896793778,0.46358500234782696,1.0
0.11857294764560475,0.8764344324180646,0.18813658764739954,0.5089340526610613,1.0
-0.8877863587148048,0.05171689762424196,-0.3438079574733284,0.5045565788944563,1.0
-0.14826868818817954,-0.7784630966923258,0.42983405308894795,0.4985734901080529,1.0
-0.24515062036977958,0.9140346561732404,-0.08159299595066981,0.47216915401319665,1.0
-0.3161807002628333,-0.6149545351572178,0.26510714332483215,0.49260319707294303,1.0
0.14041875498572498,0.6630023301398291,-0.5950699108857146,0.42997672595083714,1.1666666666666667
0.9184705090708674,0.1476384405258019,-0.22372182055560913,0.4592156397799651,1.0
-0.5469830997512776,0.4894891599115664,0.36732639497465935,0.46862872565786046,1.0
-0.2706241009297825,0.24459585197020822,0.020983639471858804,0.5237771974255642,1.0
0.27982067904495256,-0.4735159906978028,-0.33792045877864396,0.4587152215341727,1.0
0.5514299132303621,0.6079155049545111,0.46388059323891767,0.4892381814618905,1.0
-0.26738415516239217,-0.7596745215514353,-0.5034326998213262,0.46863294330736,1.0
-0.5722011471564546,0.5132853152797544,0.5370342166885316,0.461452953517437,1.0416666666666667
0.2198182207947643,-0.01964196586569969,-0.06416541149437484,0.5378443816055855,1.0
0.80358688193673,0.21788558523494228,-0.0865494653490263,0.47764383256435394,1.0
-0.08198577769601058,-0.29969260126098496,0.21957640078560733,0.47502006652454537,1.0
0.22536150913237002,-0.43463524315343105,0.8482416490690283,0.5328239885469278,1.0
-0.4433745190675379,0.07090096557008053,0.4744788813713407,0.48969523174067336,1.0416666666666667
0.5709939679065155,0.7380179234765725,-0.07951908976176131,0.43162502472599346,1.0
-0.6898975070283111,0.568665637474972,0.12719851022419565,0.4690539613366127,1.0
0.2681398278971924,-0.02514420535277667,0.8719662919304997,0.4849131473650535,1.0
-0.14890271628279045,-0.035775218209458205,-0.7914042755726729,0.4846009047081073,1.0
0.3032822284109568,-0.4769694179278298,0.6058626044626387,0.45832493404547375,1.0
-0.7713494040568647,0.3786004802929446,0.20314614570359146,0.47491006801525754,1.0
-0.43937479045899214,-0.2633589520283309,-0.5527675593393286,0.4720713545878728,1.0
-0.8632391703862081,0.15335450076993326,0.40914746115034595,0.5565354892363151,1.0
0.38694647117178826,-0.20178090666756746,0.03223182612028663,0.5155474046866099,1.0
0.33749508444615234,-0.45848400218948554,0.7839054965097986,0.5007958182444175,1.0
0.44382768878227885,-0.2985681605719624,0.5689116320925467,0.474037812401851,1.0
-0.08759299378231446,-0.6091679884884127,-0.2586503127527096,0.4847036674618721,1.0
0.0548483299211459,0.49317835754592415,0.026615099712985615,0.4446221354107062,1.0
0.32722006691087313,0.5521066165843147,0.09925883285344331,0.4739016604920228,1.0416666666666667
0.12559379939517093,0.12182489838809137,-0.03790480301269969,0.5496905924131473,1.0833333333333333
-0.31933449677354975,-0.232647623505566,0.26716980683435887,0.4601844536761443,1.0
-0.7133559558309989,0.24599846752112176,0.23756292485793726,0.4629371054470539,1.0
-0.6423582261811203,0.1697794467521383,0.08103100413797301,0.4693055258442958,1.0
-0.33428270888928735,-0.1816014965463473,0.6459549562843363,0.47171582964559394,1.0
-0.6070737810960999,-0.18821452603643263,0.12620173185141964,0.5181151535362005,1.0
0.4648910101902728,-0.4741651794506022,0.035031427102532035,0.5179702565073967,1.0833333333333333
-0.2880804036414161,0.5275070121752662,-0.23289711063644794,0.4613426458090544,1.0
0.146363388213903,-0.9443820044386297,0.2735721151439974,0.4460344115893046,1.0
-0.4228375454970284,-0.12791588777441462,0.19823778517154272,0.5917403375109037,1.0
-0.5691139569242766,-0.44707485027357513,-0.33753802133234395,0.5531891913463672,1.0
-0.5586922449498473,0.0345270709399986,0.25088633170105135,0.49195314571261406,1.0
-0.03028507178183889,-0.3452752954155047,0.10895303432154077,0.4943061899393797,1.0
-0.04468528281728048,0.5211739533241957,0.5799554491606934,0.45839608026047546,1.0
0.2710783012585417,-0.17866368550306025,0.8866251111111537,0.46055340580642223,1.0
-0.7020064070638145,-0.2690119873473776,-0.5273237506495202,0.47082264473040897,1.0
-0.658014083285168,-0.27571554784954966,0.03292113504028509,0.464434423794349,1.0
-0.5519100831420068,0.557093806690056,0.4547075952656528,0.45458851009607315,1.0416666666666667
0.18845327735806436,0.3931568645767426,-0.6843882529145127,0.4651467526952426,1.0
0.32518359659756135,-0.8792378846284766,0.14645600675178003,0.4650292197863261,1.0
0.36702261687127724,-0.43404360939899417,0.37330088942765216,0.436006606866916,1.0
-0.2089953857092714,0.15698057653865272,-0.7857609766620126,0.545425359159708,1.0
0.20583009068506697,-0.41937600909401834,0.394373844568499,0.5271140858530998,1.0
-0.8504449262414566,-0.16281065346899906,0.2667817982709634,0.5180796931187311,1.0
0.376950199627039,-0.7140643178616664,-0.43741504689518024,0.4383602694918712,1.0
0.30271222886724103,-0.05253299466542003,0.2597016388157798,0.5000149173041185,1.0833333333333333
-0.35541893755317905,-0.8898387480255989,-0.07112770733382963,0.45837045026322204,1.0
-0.33466200603609547,-0.654920780628444,-0.014293621569788618,0.4455044933905204,1.0
0.8527230427749121,-0.32335023383704004,-0.043451498425542606,0.5011746355642875,1.0
0.31913595339572787,-0.6660838236676563,0.6412755616760187,0.5081111130615076,1.0
-0.06354479762193388,0.3367270146047867,0.5502593173007908,0.4589562217394511,1.0416666666666667
-0.21741090150097667,0.6857149097608334,-0.3472388179989936,0.5292269550263882,1.0
0.24811411761752583,-0.362518513609375,0.1621231148650961,0.49332266425093013,1.0416666666666667
0.1774643451886069,0.23059820001790104,-0.05570987105446125,0.49197593207160634,1.0
0.4438594172790626,-0.4123236737089365,0.6368844583589042,0.47043437014023465,1.0
0.48869861294617845,0.5126648421781225,-0.5491061859275521,0.41468227095901966,1.0
-0.21759513694551563,-0.544647687356208,0.6425967139073228,0.47514375671744347,1.0
0.27260813120125515,-0.07871601655836474,0.08237867732785716,0.4759332239627838,1.0
0.4899650332845231,0.06624427993519606,-0.1598502603002445,0.46543281090756256,1.0
-0.4389547441454604,-0.39229784577527166,0.16513430616637712,0.5372670019666353,1.0
0.6260302386652623,-0.377836361613105,0.36940515659637535,0.4960520211607218,1.0
-0.061994014139152384,-0.38456636538898054,0.5186829657914361,0.4714343224962552,1.0
-0.03418025734788376,0.3780509537667002,-0.05395091840719134,0.57002700244387,1.0
0.5420646395561461,0.34541993572045465,-0.1630727903090129,0.48753247782588005,1.0
0.43046422607829826,-0.8132153212070949,-0.1891367414837127,0.4484437517821789,1.0
-0.12198201243972168,0.5202183726737835,0.19063008299412057,0.489326265330116,1.0416666666666667
-0.8651071145031597,-0.20719025226217994,-0.35847416542285343,0.4774777286996444,1.0
-0.12591598196415485,0.07984169985790587,-0.020069786382148107,0.5347119818131129,1.0
0.1630821808053704,-0.7308702694398485,-0.5619276426364698,0.5284756341328224,1.0
-0.01855648436158516,0.43952651834476514,0.33643801697562975,0.5016056870420774,1.0
0.33029145940111426,0.3170540143479784,-0.4218614011827305,0.5139992001156012,1.0
0.9483225039491963,-0.13261102888301865,-0.1518980088256406,0.5121384828040997,1.0
-0.37910579728856914,-0.8665805748431359,-0.0622926377396664,0.45770170850058395,1.0
-0.09885872974529605,-0.9307200473260965,-0.34474485974285834,0.4816708254317443,1.0
-0.07152042733643597,0.12288788057041171,0.9894756825159998,0.5179317661871513,1.0
-0.1999552339313866,-0.12327594565242092,0.8933432626685565,0.45640049564341706,1.0416666666666667
0.2875153023925902,0.01400775421502633,-0.37030825128617006,0.4679086121420066,1.0
0.3005756142600486,-0.09750761292180846,0.935245665112593,0.4194969180971384,1.0
-0.1342820884905279,0.7584631888974362,0.2369979342091899,0.4540130601574977,1.0
0.24226199696001752,0.10713352541315428,0.2534677091422822,0.47952284788091976,1.0
-0.09628386862410133,0.7390831967907661,0.3296191125360829,0.5115226848671833,1.0
-0.6144886213985851,-0.6726010251331395,-0.05137180848994301,0.4344861755768458,1.0
0.10827045176148133,-0.42931448649750953,0.44081089710567856,0.4714583915968736,1.125
0.43772292788475115,-0.14804062845270052,-0.019576687785718513,0.47827844818433124,1.0
0.3244986362777756,0.4798366081464614,0.543049193992317,0.42031881275276345,1.0
0.38719754438001724,-0.21507928736456605,-0.2979808232890524,0.49205996220310527,1.0
-0.5828949219863667,0.1599699992206744,-0.005133640940154222,0.47651915314296883,1.0
0.23882845394014549,-0.38307144397558024,0.45569137833994233,0.46098048860828084,1.0
-0.008292798421612749,-0.5619217550784538,-0.07480331511263219,0.5247735896458229,1.0
0.16427682251235787,0.18855972752666092,-0.6830488914624673,0.4575012295196454,1.0
-0.975721327463096,0.10395423434726313,0.018374142552333314,0.4869880670060714,1.0
0.27380185021756576,0.11696998223037192,-0.6091552292452088,0.5218009445816278,1.0
-0.3326235755451386,0.19366526954534247,0.3454664821910883,0.4790722361455361,1.0
0.3599277526973533,-0.17186542934206148,0.12853130482847513,0.4509141494830449,1.0
0.38919487897691835,-0.006359238196161782,-0.6792375089851788,0.4714952999105056,1.0416666666666667
0.33435600152962963,-0.5032486980570692,0.33717996977722653,0.4984235502779484,1.0
0.6154132569971581,0.5328351272352517,-0.056022237402296685,0.5038060701141754,1.0
-0.00941139241649071,-0.2859298719729768,-0.774243638775577,0.5130408344169458,1.0833333333333333
0.4757459351259001,-0.6571542759275724,0.2091403340767247,0.4825742971152067,1.0
-0.27344417591031106,-0.5726336691486674,-0.2858551280498455,0.5020055392136177,1.0833333333333333
0.3053922960062763,0.18341917672176353,0.11851257596518122,0.5165457986295223,1.0
-0.4016595935524917,0.5625771740055258,0.5271859743092533,0.5341537098089854,1.0
-0.23259709417105673,-0.44221628248499417,-0.6063188316382162,0.4984229449182749,1.0
-0.027349961927662748,0.6289143544269603,-0.045213101662662715,0.4362438041716814,1.0
-0.3867758175750828,-0.36114867308784054,-0.4714510473509063,0.44342818794151145,1.0
0.43285272568714706,-0.3411100118041966,0.21858893573935625,0.49656132732828456,1.0
-0.26985422541732595,0.24544005289443663,0.42502637479696637,0.4842474286754926,1.0
0.36027378865110954,-0.1307226607147693,0.8777422878177725,0.4863035051772992,1.0833333333333333
0.4118904657090318,0.5100798064244392,-0.2932193289445799,0.45713895559310913,1.0
0.11723882123663172,0.49440156777913835,-0.812816872353885,0.4701624717563391,1.0416666666666667
-0.206555095708547,-0.26525541771121497,0.5337769445378906,0.5185605958104134,1.0
-0.7986778147716455,-0.039466949438419364,-0.2697783779917303,0.5004543699324131,1.0
0.6422047662971568,0.32036770568671213,0.2109935877906031,0.46589541745682556,1.0
0.421415309448519,0.7838031865518724,0.43294503647031324,0.48174870448807877,1.0833333333333333
0.2636697713323674,-0.5845973404273521,0.5497600767551908,0.5589643083512783,1.0
0.515828817235826,0.12319299417644765,-0.8029359107622066,0.5072160897155603,1.0
0.35273067562683236,-0.580604183210069,0.041317939826487314,0.471246716255943,1.0416666666666667
0.20178321528454435,0.7275898012986984,-0.5311973271715446,0.48154477154215175,1.0
0.22295472305213498,0.21923571377293816,-0.08345633587345762,0.4770919755101204,1.0416666666666667
-0.6778005535555927,0.618245872800042,0.1261477566125861,0.4470912137379249,1.0
0.12786662178975966,0.49886824012740216,-0.3404969656027619,0.5026286641756693,1.0
0.5608469118902657,0.31881283472408556,-0.6077153276516415,0.48116053516666096,1.0
0.21662918772448775,0.5539093937961096,0.5639596859215392,0.5056192285070816,1.0
0.2089190341902696,0.20749093394056878,0.31256418387384194,0.47520771871010464,1.0
-0.49741959710942074,0.15731752068529092,0.725107105554504,0.42517240531742573,1.0
0.36843652501697255,-0.638938080266408,0.4900553020045233,0.5357779016097387,1.0416666666666667
-0.6137196186956048,0.4163543555031078,0.5302265008273453,0.44723901338875294,1.0
0.3479642867687115,0.1406605448724936,-0.7228541915486577,0.4977251434077819,1.0
0.2876623227592476,0.44768065490412295,0.49295774672865117,0.46500877973934013,1.0
0.26989227593916165,-0.5908098338416797,0.24108366450762067,0.46288809304436046,1.0
0.6733677747213122,-0.14224964903266155,-0.692441893106868,0.42188262442747754,1.0416666666666667
0.5315924948451936,0.3830344776665698,0.005666939560353854,0.4659828456739585,1.0
-0.019823616644432565,0.6971604827321907,0.1529158456895355,0.5331559994568428,1.0
-0.6567700825336988,-0.614221889921449,-0.12872257850984034,0.43571486448248226,1.0
0.08914192054217152,0.6083268158166205,0.5399239881346095,0.5163754423459371,1.0
-0.0751974982234128,-0.7750111563377652,-0.607040510842297,0.5360919938733181,1.0
0.49863350349151775,0.4914768690733399,-0.513509442733275,0.4625838945309321,1.0416666666666667
0.8204749299732359,-0.08693657057604015,0.3613339400651895,0.540325490757823,1.0
-0.0636767787528028,0.1739188564606816,0.5032571291504674,0.47091588874657947,1.0
-0.3952439440268642,0.39307143206652706,-0.521811115079367,0.5399547896037499,1.0
-0.28897025491678063,-0.7837262450750705,-0.19044533620804302,0.584277835364143,1.0
-0.141460817376513,-0.772487353491734,0.15612994983264758,0.5132962757100662,1.0416666666666667
0.5825681671264872,0.5921538069149277,-0.3609257440667162,0.5006245418141285,1.0
0.5858833264259717,0.5314340581089827,-0.028509160675310778,0.46260156234105426,1.0
-0.4739856234990149,-0.09145530154985658,-0.09787964942013222,0.4601745903491974,1.0
-0.024811949082561496,0.1416665444150398,-0.09028100068501421,0.5386329224954048,1.0416666666666667
-0.278443413518433,0.6008611990872127,0.7112076655090891,0.4539420319100221,1.0
0.8560130651861315,-0.33549802315326827,0.01292720287174936,0.5098620001226664,1.0
0.732452891178817,-0.015042247676837433,0.1488241794240579,0.5489247223983208,1.0
-0.9178884885256752,-0.1828279242325545,-0.1615956444376632,0.5206497479230165,1.1666666666666667
0.4246453234129128,0.5984778261680201,0.3051196511239869,0.4656006594498952,1.0
0.06460150477580383,-0.31849995185733715,-0.5443108641548399,0.4563196146239837,1.0
0.0005089972641495741,0.12056861845507996,-0.03012215524416305,0.5208608328054348,1.0
-0.12344861934260522,-0.1952751425961852,-0.13324078175942028,0.5028560507702946,1.0
0.18666703412639357,-0.3965506516477195,-0.5744604795659184,0.4950756182273229,1.0
0.4424708821436363,0.7874646892345323,0.4042283276430064,0.4510593445350726,1.0
0.05763528775434113,-0.5777889701880503,-0.36133204146576614,0.5489828766634067,1.0
0.30821015203318425,-0.6584318580011622,0.5311927693528737,0.5056152058144411,1.0
0.3198014448335182,0.585831489016017,-0.2711635377778947,0.49333390903969604,1.0
0.7264492465499833,-0.5922281433787284,-0.3085445545273569,0.44460036729772884,1.0
-0.019677423772924606,0.6878417949434716,0.7254914699648531,0.5154564535866181,1.0
0.842178920244847,-0.015628416431371937,-0.4169075343681583,0.4727599900215864,1.0
-0.3951108504945408,-0.15075508951410485,0.0004884315238066985,0.5122003623594841,1.0
0.1908943816053174,-0.36567741083990646,0.5940587027865563,0.483620073646307,1.0
-0.13796619813629482,0.360927017300212,0.44599248615299664,0.5108110054085652,1.0
-0.5447805309321745,0.03481498043027252,-0.5049478337834598,0.46762707084417343,1.0
-0.0037554837136427317,-0.2050631143040192,0.14088352143359956,0.4869023635983467,1.0
-0.5486005566058253,-0.7605003735863706,0.2916988740666376,0.5129208397120237,1.0
0.6655584666887003,-0.06591348682507829,-0.46734385683699914,0.48534542322158813,1.0
-0.28957402029604956,0.5797166948436085,-0.5050730079865572,0.4465434600909551,1.0

